pokedex_number,generation,name,type,hp,attack,defense,sp_attack,sp_defense,speed,base_total,is_legendary
1,1,Bulbasaur,grass,45,49,49,65,65,45,318,0
2,1,Ivysaur,grass,60,62,63,80,80,60,405,0
3,1,Venusaur,grass,80,100,123,122,120,80,625,0
4,1,Charmander,fire,39,52,43,60,50,65,309,0
5,1,Charmeleon,fire,58,64,58,80,65,80,405,0
6,1,Charizard,fire,78,104,78,159,115,100,634,0
7,1,Squirtle,water,44,48,65,50,64,43,314,0
8,1,Wartortle,water,59,63,80,65,80,58,405,0
9,1,Blastoise,water,79,103,120,135,115,78,630,0
10,1,Caterpie,bug,45,30,35,20,20,45,195,0
11,1,Metapod,bug,50,20,55,25,25,30,205,0
12,1,Butterfree,bug,60,45,50,90,80,70,395,0
13,1,Weedle,bug,40,35,30,20,20,50,195,0
14,1,Kakuna,bug,45,25,50,25,25,35,205,0
15,1,Beedrill,bug,65,150,40,15,80,145,495,0
16,1,Pidgey,normal,40,45,40,35,35,56,251,0
17,1,Pidgeotto,normal,63,60,55,50,50,71,349,0
18,1,Pidgeot,normal,83,80,80,135,80,121,579,0
19,1,Rattata,normal,30,56,35,25,35,72,253,0
20,1,Raticate,normal,75,71,70,40,80,77,413,0
21,1,Spearow,normal,40,60,30,31,31,70,262,0
22,1,Fearow,normal,65,90,65,61,61,100,442,0
23,1,Ekans,poison,35,60,44,40,54,55,288,0
24,1,Arbok,poison,60,95,69,65,79,80,448,0
25,1,Pikachu,electric,35,55,40,50,50,90,320,0
26,1,Raichu,electric,60,85,50,95,85,110,485,0
27,1,Sandshrew,ground,50,75,90,10,35,40,300,0
28,1,Sandslash,ground,75,100,120,25,65,65,450,0
29,1,Nidoran♀,poison,55,47,52,40,40,41,275,0
30,1,Nidorina,poison,70,62,67,55,55,56,365,0
31,1,Nidoqueen,poison,90,92,87,75,85,76,505,0
32,1,Nidoran♂,poison,46,57,40,40,40,50,273,0
33,1,Nidorino,poison,61,72,57,55,55,65,365,0
34,1,Nidoking,poison,81,102,77,85,75,85,505,0
35,1,Clefairy,fairy,70,45,48,60,65,35,323,0
36,1,Clefable,fairy,95,70,73,95,90,60,483,0
37,1,Vulpix,fire,38,41,40,50,65,65,299,0
38,1,Ninetales,fire,73,67,75,81,100,109,505,0
39,1,Jigglypuff,normal,115,45,20,45,25,20,270,0
40,1,Wigglytuff,normal,140,70,45,85,50,45,435,0
41,1,Zubat,poison,40,45,35,30,40,55,245,0
42,1,Golbat,poison,75,80,70,65,75,90,455,0
43,1,Oddish,grass,45,50,55,75,65,30,320,0
44,1,Gloom,grass,60,65,70,85,75,40,395,0
45,1,Vileplume,grass,75,80,85,110,90,50,490,0
46,1,Paras,bug,35,70,55,45,55,25,285,0
47,1,Parasect,bug,60,95,80,60,80,30,405,0
48,1,Venonat,bug,60,55,50,40,55,45,305,0
49,1,Venomoth,bug,70,65,60,90,75,90,450,0
50,1,Diglett,ground,10,55,30,35,45,90,265,0
51,1,Dugtrio,ground,35,100,60,50,70,110,425,0
52,1,Meowth,normal,40,35,35,50,40,90,290,0
53,1,Persian,normal,65,60,60,75,65,115,440,0
54,1,Psyduck,water,50,52,48,65,50,55,320,0
55,1,Golduck,water,80,82,78,95,80,85,500,0
56,1,Mankey,fighting,40,80,35,35,45,70,305,0
57,1,Primeape,fighting,65,105,60,60,70,95,455,0
58,1,Growlithe,fire,55,70,45,70,50,60,350,0
59,1,Arcanine,fire,90,110,80,100,80,95,555,0
60,1,Poliwag,water,40,50,40,40,40,90,300,0
61,1,Poliwhirl,water,65,65,65,50,50,90,385,0
62,1,Poliwrath,water,90,95,95,70,90,70,510,0
63,1,Abra,psychic,25,20,15,105,55,90,310,0
64,1,Kadabra,psychic,40,35,30,120,70,105,400,0
65,1,Alakazam,psychic,55,50,65,175,105,150,600,0
66,1,Machop,fighting,70,80,50,35,35,35,305,0
67,1,Machoke,fighting,80,100,70,50,60,45,405,0
68,1,Machamp,fighting,90,130,80,65,85,55,505,0
69,1,Bellsprout,grass,50,75,35,70,30,40,300,0
70,1,Weepinbell,grass,65,90,50,85,45,55,390,0
71,1,Victreebel,grass,80,105,65,100,70,70,490,0
72,1,Tentacool,water,40,40,35,50,100,70,335,0
73,1,Tentacruel,water,80,70,65,80,120,100,515,0
74,1,Geodude,rock,40,80,100,30,30,20,300,0
75,1,Graveler,rock,55,95,115,45,45,35,390,0
76,1,Golem,rock,80,120,130,55,65,45,495,0
77,1,Ponyta,fire,50,85,55,65,65,90,410,0
78,1,Rapidash,fire,65,100,70,80,80,105,500,0
79,1,Slowpoke,water,90,65,65,40,40,15,315,0
80,1,Slowbro,water,95,75,180,130,80,30,590,0
81,1,Magnemite,electric,25,35,70,95,55,45,325,0
82,1,Magneton,electric,50,60,95,120,70,70,465,0
83,1,Farfetch'd,normal,52,90,55,58,62,60,377,0
84,1,Doduo,normal,35,85,45,35,35,75,310,0
85,1,Dodrio,normal,60,110,70,60,60,110,470,0
86,1,Seel,water,65,45,55,45,70,45,325,0
87,1,Dewgong,water,90,70,80,70,95,70,475,0
88,1,Grimer,poison,80,80,50,40,50,25,325,0
89,1,Muk,poison,105,105,75,65,100,50,500,0
90,1,Shellder,water,30,65,100,45,25,40,305,0
91,1,Cloyster,water,50,95,180,85,45,70,525,0
92,1,Gastly,ghost,30,35,30,100,35,80,310,0
93,1,Haunter,ghost,45,50,45,115,55,95,405,0
94,1,Gengar,ghost,60,65,80,170,95,130,600,0
95,1,Onix,rock,35,45,160,30,45,70,385,0
96,1,Drowzee,psychic,60,48,45,43,90,42,328,0
97,1,Hypno,psychic,85,73,70,73,115,67,483,0
98,1,Krabby,water,30,105,90,25,25,50,325,0
99,1,Kingler,water,55,130,115,50,50,75,475,0
100,1,Voltorb,electric,40,30,50,55,55,100,330,0
101,1,Electrode,electric,60,50,70,80,80,150,490,0
102,1,Exeggcute,grass,60,40,80,60,45,40,325,0
103,1,Exeggutor,grass,95,105,85,125,75,45,530,0
104,1,Cubone,ground,50,50,95,40,50,35,320,0
105,1,Marowak,ground,60,80,110,50,80,45,425,0
106,1,Hitmonlee,fighting,50,120,53,35,110,87,455,0
107,1,Hitmonchan,fighting,50,105,79,35,110,76,455,0
108,1,Lickitung,normal,90,55,75,60,75,30,385,0
109,1,Koffing,poison,40,65,95,60,45,35,340,0
110,1,Weezing,poison,65,90,120,85,70,60,490,0
111,1,Rhyhorn,ground,80,85,95,30,30,25,345,0
112,1,Rhydon,ground,105,130,120,45,45,40,485,0
113,1,Chansey,normal,250,5,5,35,105,50,450,0
114,1,Tangela,grass,65,55,115,100,40,60,435,0
115,1,Kangaskhan,normal,105,125,100,60,100,100,590,0
116,1,Horsea,water,30,40,70,70,25,60,295,0
117,1,Seadra,water,55,65,95,95,45,85,440,0
118,1,Goldeen,water,45,67,60,35,50,63,320,0
119,1,Seaking,water,80,92,65,65,80,68,450,0
120,1,Staryu,water,30,45,55,70,55,85,340,0
121,1,Starmie,water,60,75,85,100,85,115,520,0
122,1,Mr. Mime,psychic,40,45,65,100,120,90,460,0
123,1,Scyther,bug,70,110,80,55,80,105,500,0
124,1,Jynx,ice,65,50,35,115,95,95,455,0
125,1,Electabuzz,electric,65,83,57,95,85,105,490,0
126,1,Magmar,fire,65,95,57,100,85,93,495,0
127,1,Pinsir,bug,65,155,120,65,90,105,600,0
128,1,Tauros,normal,75,100,95,40,70,110,490,0
129,1,Magikarp,water,20,10,55,15,20,80,200,0
130,1,Gyarados,water,95,155,109,70,130,81,640,0
131,1,Lapras,water,130,85,80,85,95,60,535,0
132,1,Ditto,normal,48,48,48,48,48,48,288,0
133,1,Eevee,normal,55,55,50,45,65,55,325,0
134,1,Vaporeon,water,130,65,60,110,95,65,525,0
135,1,Jolteon,electric,65,65,60,110,95,130,525,0
136,1,Flareon,fire,65,130,60,95,110,65,525,0
137,1,Porygon,normal,65,60,70,85,75,40,395,0
138,1,Omanyte,rock,35,40,100,90,55,35,355,0
139,1,Omastar,rock,70,60,125,115,70,55,495,0
140,1,Kabuto,rock,30,80,90,55,45,55,355,0
141,1,Kabutops,rock,60,115,105,65,70,80,495,0
142,1,Aerodactyl,rock,80,135,85,70,95,150,615,0
143,1,Snorlax,normal,160,110,65,65,110,30,540,0
144,1,Articuno,ice,90,85,100,95,125,85,580,1
145,1,Zapdos,electric,90,90,85,125,90,100,580,1
146,1,Moltres,fire,90,100,90,125,85,90,580,1
147,1,Dratini,dragon,41,64,45,50,50,50,300,0
148,1,Dragonair,dragon,61,84,65,70,70,70,420,0
149,1,Dragonite,dragon,91,134,95,100,100,80,600,0
150,1,Mewtwo,psychic,106,150,70,194,120,140,780,1
151,1,Mew,psychic,100,100,100,100,100,100,600,1
152,2,Chikorita,grass,45,49,65,49,65,45,318,0
153,2,Bayleef,grass,60,62,80,63,80,60,405,0
154,2,Meganium,grass,80,82,100,83,100,80,525,0
155,2,Cyndaquil,fire,39,52,43,60,50,65,309,0
156,2,Quilava,fire,58,64,58,80,65,80,405,0
157,2,Typhlosion,fire,78,84,78,109,85,100,534,0
158,2,Totodile,water,50,65,64,44,48,43,314,0
159,2,Croconaw,water,65,80,80,59,63,58,405,0
160,2,Feraligatr,water,85,105,100,79,83,78,530,0
161,2,Sentret,normal,35,46,34,35,45,20,215,0
162,2,Furret,normal,85,76,64,45,55,90,415,0
163,2,Hoothoot,normal,60,30,30,36,56,50,262,0
164,2,Noctowl,normal,100,50,50,86,96,70,452,0
165,2,Ledyba,bug,40,20,30,40,80,55,265,0
166,2,Ledian,bug,55,35,50,55,110,85,390,0
167,2,Spinarak,bug,40,60,40,40,40,30,250,0
168,2,Ariados,bug,70,90,70,60,70,40,400,0
169,2,Crobat,poison,85,90,80,70,80,130,535,0
170,2,Chinchou,water,75,38,38,56,56,67,330,0
171,2,Lanturn,water,125,58,58,76,76,67,460,0
172,2,Pichu,electric,20,40,15,35,35,60,205,0
173,2,Cleffa,fairy,50,25,28,45,55,15,218,0
174,2,Igglybuff,normal,90,30,15,40,20,15,210,0
175,2,Togepi,fairy,35,20,65,40,65,20,245,0
176,2,Togetic,fairy,55,40,85,80,105,40,405,0
177,2,Natu,psychic,40,50,45,70,45,70,320,0
178,2,Xatu,psychic,65,75,70,95,70,95,470,0
179,2,Mareep,electric,55,40,40,65,45,35,280,0
180,2,Flaaffy,electric,70,55,55,80,60,45,365,0
181,2,Ampharos,electric,90,95,105,165,110,45,610,0
182,2,Bellossom,grass,75,80,95,90,100,50,490,0
183,2,Marill,water,70,20,50,20,50,40,250,0
184,2,Azumarill,water,100,50,80,60,80,50,420,0
185,2,Sudowoodo,rock,70,100,115,30,65,30,410,0
186,2,Politoed,water,90,75,75,90,100,70,500,0
187,2,Hoppip,grass,35,35,40,35,55,50,250,0
188,2,Skiploom,grass,55,45,50,45,65,80,340,0
189,2,Jumpluff,grass,75,55,70,55,95,110,460,0
190,2,Aipom,normal,55,70,55,40,55,85,360,0
191,2,Sunkern,grass,30,30,30,30,30,30,180,0
192,2,Sunflora,grass,75,75,55,105,85,30,425,0
193,2,Yanma,bug,65,65,45,75,45,95,390,0
194,2,Wooper,water,55,45,45,25,25,15,210,0
195,2,Quagsire,water,95,85,85,65,65,35,430,0
196,2,Espeon,psychic,65,65,60,130,95,110,525,0
197,2,Umbreon,dark,95,65,110,60,130,65,525,0
198,2,Murkrow,dark,60,85,42,85,42,91,405,0
199,2,Slowking,water,95,75,80,100,110,30,490,0
200,2,Misdreavus,ghost,60,60,60,85,85,85,435,0
201,2,Unown,psychic,48,72,48,72,48,48,336,0
202,2,Wobbuffet,psychic,190,33,58,33,58,33,405,0
203,2,Girafarig,normal,70,80,65,90,65,85,455,0
204,2,Pineco,bug,50,65,90,35,35,15,290,0
205,2,Forretress,bug,75,90,140,60,60,40,465,0
206,2,Dunsparce,normal,100,70,70,65,65,45,415,0
207,2,Gligar,ground,65,75,105,35,65,85,430,0
208,2,Steelix,steel,75,125,230,55,95,30,610,0
209,2,Snubbull,fairy,60,80,50,40,40,30,300,0
210,2,Granbull,fairy,90,120,75,60,60,45,450,0
211,2,Qwilfish,water,65,95,85,55,55,85,440,0
212,2,Scizor,bug,70,150,140,65,100,75,600,0
213,2,Shuckle,bug,20,10,230,10,230,5,505,0
214,2,Heracross,bug,80,185,115,40,105,75,600,0
215,2,Sneasel,dark,55,95,55,35,75,115,430,0
216,2,Teddiursa,normal,60,80,50,50,50,40,330,0
217,2,Ursaring,normal,90,130,75,75,75,55,500,0
218,2,Slugma,fire,40,40,40,70,40,20,250,0
219,2,Magcargo,fire,60,50,120,90,80,30,430,0
220,2,Swinub,ice,50,50,40,30,30,50,250,0
221,2,Piloswine,ice,100,100,80,60,60,50,450,0
222,2,Corsola,water,65,55,95,65,95,35,410,0
223,2,Remoraid,water,35,65,35,65,35,65,300,0
224,2,Octillery,water,75,105,75,105,75,45,480,0
225,2,Delibird,ice,45,55,45,65,45,75,330,0
226,2,Mantine,water,85,40,70,80,140,70,485,0
227,2,Skarmory,steel,65,80,140,40,70,70,465,0
228,2,Houndour,dark,45,60,30,80,50,65,330,0
229,2,Houndoom,dark,75,90,90,140,90,115,600,0
230,2,Kingdra,water,75,95,95,95,95,85,540,0
231,2,Phanpy,ground,90,60,60,40,40,40,330,0
232,2,Donphan,ground,90,120,120,60,60,50,500,0
233,2,Porygon2,normal,85,80,90,105,95,60,515,0
234,2,Stantler,normal,73,95,62,85,65,85,465,0
235,2,Smeargle,normal,55,20,35,20,45,75,250,0
236,2,Tyrogue,fighting,35,35,35,35,35,35,210,0
237,2,Hitmontop,fighting,50,95,95,35,110,70,455,0
238,2,Smoochum,ice,45,30,15,85,65,65,305,0
239,2,Elekid,electric,45,63,37,65,55,95,360,0
240,2,Magby,fire,45,75,37,70,55,83,365,0
241,2,Miltank,normal,95,80,105,40,70,100,490,0
242,2,Blissey,normal,255,10,10,75,135,55,540,0
243,2,Raikou,electric,90,85,75,115,100,115,580,1
244,2,Entei,fire,115,115,85,90,75,100,580,1
245,2,Suicune,water,100,75,115,90,115,85,580,1
246,2,Larvitar,rock,50,64,50,45,50,41,300,0
247,2,Pupitar,rock,70,84,70,65,70,51,410,0
248,2,Tyranitar,rock,100,164,150,95,120,71,700,0
249,2,Lugia,psychic,106,90,130,90,154,110,680,1
250,2,Ho-Oh,fire,106,130,90,110,154,90,680,1
251,2,Celebi,psychic,100,100,100,100,100,100,600,1
252,3,Treecko,grass,40,45,35,65,55,70,310,0
253,3,Grovyle,grass,50,65,45,85,65,95,405,0
254,3,Sceptile,grass,70,110,75,145,85,145,630,0
255,3,Torchic,fire,45,60,40,70,50,45,310,0
256,3,Combusken,fire,60,85,60,85,60,55,405,0
257,3,Blaziken,fire,80,160,80,130,80,100,630,0
258,3,Mudkip,water,50,70,50,50,50,40,310,0
259,3,Marshtomp,water,70,85,70,60,70,50,405,0
260,3,Swampert,water,100,150,110,95,110,70,635,0
261,3,Poochyena,dark,35,55,35,30,30,35,220,0
262,3,Mightyena,dark,70,90,70,60,60,70,420,0
263,3,Zigzagoon,normal,38,30,41,30,41,60,240,0
264,3,Linoone,normal,78,70,61,50,61,100,420,0
265,3,Wurmple,bug,45,45,35,20,30,20,195,0
266,3,Silcoon,bug,50,35,55,25,25,15,205,0
267,3,Beautifly,bug,60,70,50,100,50,65,395,0
268,3,Cascoon,bug,50,35,55,25,25,15,205,0
269,3,Dustox,bug,60,50,70,50,90,65,385,0
270,3,Lotad,water,40,30,30,40,50,30,220,0
271,3,Lombre,water,60,50,50,60,70,50,340,0
272,3,Ludicolo,water,80,70,70,90,100,70,480,0
273,3,Seedot,grass,40,40,50,30,30,30,220,0
274,3,Nuzleaf,grass,70,70,40,60,40,60,340,0
275,3,Shiftry,grass,90,100,60,90,60,80,480,0
276,3,Taillow,normal,40,55,30,30,30,85,270,0
277,3,Swellow,normal,60,85,60,75,50,125,455,0
278,3,Wingull,water,40,30,30,55,30,85,270,0
279,3,Pelipper,water,60,50,100,95,70,65,440,0
280,3,Ralts,psychic,28,25,25,45,35,40,198,0
281,3,Kirlia,psychic,38,35,35,65,55,50,278,0
282,3,Gardevoir,psychic,68,85,65,165,135,100,618,0
283,3,Surskit,bug,40,30,32,50,52,65,269,0
284,3,Masquerain,bug,70,60,62,100,82,80,454,0
285,3,Shroomish,grass,60,40,60,40,60,35,295,0
286,3,Breloom,grass,60,130,80,60,60,70,460,0
287,3,Slakoth,normal,60,60,60,35,35,30,280,0
288,3,Vigoroth,normal,80,80,80,55,55,90,440,0
289,3,Slaking,normal,150,160,100,95,65,100,670,0
290,3,Nincada,bug,31,45,90,30,30,40,266,0
291,3,Ninjask,bug,61,90,45,50,50,160,456,0
292,3,Shedinja,bug,1,90,45,30,30,40,236,0
293,3,Whismur,normal,64,51,23,51,23,28,240,0
294,3,Loudred,normal,84,71,43,71,43,48,360,0
295,3,Exploud,normal,104,91,63,91,73,68,490,0
296,3,Makuhita,fighting,72,60,30,20,30,25,237,0
297,3,Hariyama,fighting,144,120,60,40,60,50,474,0
298,3,Azurill,normal,50,20,40,20,40,20,190,0
299,3,Nosepass,rock,30,45,135,45,90,30,375,0
300,3,Skitty,normal,50,45,45,35,35,50,260,0
301,3,Delcatty,normal,70,65,65,55,55,90,400,0
302,3,Sableye,dark,50,85,125,85,115,20,480,0
303,3,Mawile,steel,50,105,125,55,95,50,480,0
304,3,Aron,steel,50,70,100,40,40,30,330,0
305,3,Lairon,steel,60,90,140,50,50,40,430,0
306,3,Aggron,steel,70,140,230,60,80,50,630,0
307,3,Meditite,fighting,30,40,55,40,55,60,280,0
308,3,Medicham,fighting,60,100,85,80,85,100,510,0
309,3,Electrike,electric,40,45,40,65,40,65,295,0
310,3,Manectric,electric,70,75,80,135,80,135,575,0
311,3,Plusle,electric,60,50,40,85,75,95,405,0
312,3,Minun,electric,60,40,50,75,85,95,405,0
313,3,Volbeat,bug,65,73,75,47,85,85,430,0
314,3,Illumise,bug,65,47,75,73,85,85,430,0
315,3,Roselia,grass,50,60,45,100,80,65,400,0
316,3,Gulpin,poison,70,43,53,43,53,40,302,0
317,3,Swalot,poison,100,73,83,73,83,55,467,0
318,3,Carvanha,water,45,90,20,65,20,65,305,0
319,3,Sharpedo,water,70,140,70,110,65,105,560,0
320,3,Wailmer,water,130,70,35,70,35,60,400,0
321,3,Wailord,water,170,90,45,90,45,60,500,0
322,3,Numel,fire,60,60,40,65,45,35,305,0
323,3,Camerupt,fire,70,120,100,145,105,20,560,0
324,3,Torkoal,fire,70,85,140,85,70,20,470,0
325,3,Spoink,psychic,60,25,35,70,80,60,330,0
326,3,Grumpig,psychic,80,45,65,90,110,80,470,0
327,3,Spinda,normal,60,60,60,60,60,60,360,0
328,3,Trapinch,ground,45,100,45,45,45,10,290,0
329,3,Vibrava,ground,50,70,50,50,50,70,340,0
330,3,Flygon,ground,80,100,80,80,80,100,520,0
331,3,Cacnea,grass,50,85,40,85,40,35,335,0
332,3,Cacturne,grass,70,115,60,115,60,55,475,0
333,3,Swablu,normal,45,40,60,40,75,50,310,0
334,3,Altaria,dragon,75,110,110,110,105,80,590,0
335,3,Zangoose,normal,73,115,60,60,60,90,458,0
336,3,Seviper,poison,73,100,60,100,60,65,458,0
337,3,Lunatone,rock,90,55,65,95,85,70,460,0
338,3,Solrock,rock,90,95,85,55,65,70,460,0
339,3,Barboach,water,50,48,43,46,41,60,288,0
340,3,Whiscash,water,110,78,73,76,71,60,468,0
341,3,Corphish,water,43,80,65,50,35,35,308,0
342,3,Crawdaunt,water,63,120,85,90,55,55,468,0
343,3,Baltoy,ground,40,40,55,40,70,55,300,0
344,3,Claydol,ground,60,70,105,70,120,75,500,0
345,3,Lileep,rock,66,41,77,61,87,23,355,0
346,3,Cradily,rock,86,81,97,81,107,43,495,0
347,3,Anorith,rock,45,95,50,40,50,75,355,0
348,3,Armaldo,rock,75,125,100,70,80,45,495,0
349,3,Feebas,water,20,15,20,10,55,80,200,0
350,3,Milotic,water,95,60,79,100,125,81,540,0
351,3,Castform,normal,70,70,70,70,70,70,420,0
352,3,Kecleon,normal,60,90,70,60,120,40,440,0
353,3,Shuppet,ghost,44,75,35,63,33,45,295,0
354,3,Banette,ghost,64,165,75,93,83,75,555,0
355,3,Duskull,ghost,20,40,90,30,90,25,295,0
356,3,Dusclops,ghost,40,70,130,60,130,25,455,0
357,3,Tropius,grass,99,68,83,72,87,51,460,0
358,3,Chimecho,psychic,75,50,80,95,90,65,455,0
359,3,Absol,dark,65,150,60,115,60,115,565,0
360,3,Wynaut,psychic,95,23,48,23,48,23,260,0
361,3,Snorunt,ice,50,50,50,50,50,50,300,0
362,3,Glalie,ice,80,120,80,120,80,100,580,0
363,3,Spheal,ice,70,40,50,55,50,25,290,0
364,3,Sealeo,ice,90,60,70,75,70,45,410,0
365,3,Walrein,ice,110,80,90,95,90,65,530,0
366,3,Clamperl,water,35,64,85,74,55,32,345,0
367,3,Huntail,water,55,104,105,94,75,52,485,0
368,3,Gorebyss,water,55,84,105,114,75,52,485,0
369,3,Relicanth,water,100,90,130,45,65,55,485,0
370,3,Luvdisc,water,43,30,55,40,65,97,330,0
371,3,Bagon,dragon,45,75,60,40,30,50,300,0
372,3,Shelgon,dragon,65,95,100,60,50,50,420,0
373,3,Salamence,dragon,95,145,130,120,90,120,700,0
374,3,Beldum,steel,40,55,80,35,60,30,300,0
375,3,Metang,steel,60,75,100,55,80,50,420,0
376,3,Metagross,steel,80,145,150,105,110,110,700,0
377,3,Regirock,rock,80,100,200,50,100,50,580,1
378,3,Regice,ice,80,50,100,100,200,50,580,1
379,3,Registeel,steel,80,75,150,75,150,50,580,1
380,3,Latias,dragon,80,100,120,140,150,110,700,1
381,3,Latios,dragon,80,130,100,160,120,110,700,1
382,3,Kyogre,water,100,150,90,180,160,90,770,1
383,3,Groudon,ground,100,180,160,150,90,90,770,1
384,3,Rayquaza,dragon,105,180,100,180,100,115,780,1
385,3,Jirachi,steel,100,100,100,100,100,100,600,1
386,3,Deoxys,psychic,50,95,90,95,90,180,600,1
387,4,Turtwig,grass,55,68,64,45,55,31,318,0
388,4,Grotle,grass,75,89,85,55,65,36,405,0
389,4,Torterra,grass,95,109,105,75,85,56,525,0
390,4,Chimchar,fire,44,58,44,58,44,61,309,0
391,4,Monferno,fire,64,78,52,78,52,81,405,0
392,4,Infernape,fire,76,104,71,104,71,108,534,0
393,4,Piplup,water,53,51,53,61,56,40,314,0
394,4,Prinplup,water,64,66,68,81,76,50,405,0
395,4,Empoleon,water,84,86,88,111,101,60,530,0
396,4,Starly,normal,40,55,30,30,30,60,245,0
397,4,Staravia,normal,55,75,50,40,40,80,340,0
398,4,Staraptor,normal,85,120,70,50,60,100,485,0
399,4,Bidoof,normal,59,45,40,35,40,31,250,0
400,4,Bibarel,normal,79,85,60,55,60,71,410,0
401,4,Kricketot,bug,37,25,41,25,41,25,194,0
402,4,Kricketune,bug,77,85,51,55,51,65,384,0
403,4,Shinx,electric,45,65,34,40,34,45,263,0
404,4,Luxio,electric,60,85,49,60,49,60,363,0
405,4,Luxray,electric,80,120,79,95,79,70,523,0
406,4,Budew,grass,40,30,35,50,70,55,280,0
407,4,Roserade,grass,60,70,65,125,105,90,515,0
408,4,Cranidos,rock,67,125,40,30,30,58,350,0
409,4,Rampardos,rock,97,165,60,65,50,58,495,0
410,4,Shieldon,rock,30,42,118,42,88,30,350,0
411,4,Bastiodon,rock,60,52,168,47,138,30,495,0
412,4,Burmy,bug,40,29,45,29,45,36,224,0
413,4,Wormadam,bug,60,69,95,69,95,36,424,0
414,4,Mothim,bug,70,94,50,94,50,66,424,0
415,4,Combee,bug,30,30,42,30,42,70,244,0
416,4,Vespiquen,bug,70,80,102,80,102,40,474,0
417,4,Pachirisu,electric,60,45,70,45,90,95,405,0
418,4,Buizel,water,55,65,35,60,30,85,330,0
419,4,Floatzel,water,85,105,55,85,50,115,495,0
420,4,Cherubi,grass,45,35,45,62,53,35,275,0
421,4,Cherrim,grass,70,60,70,87,78,85,450,0
422,4,Shellos,water,76,48,48,57,62,34,325,0
423,4,Gastrodon,water,111,83,68,92,82,39,475,0
424,4,Ambipom,normal,75,100,66,60,66,115,482,0
425,4,Drifloon,ghost,90,50,34,60,44,70,348,0
426,4,Drifblim,ghost,150,80,44,90,54,80,498,0
427,4,Buneary,normal,55,66,44,44,56,85,350,0
428,4,Lopunny,normal,65,136,94,54,96,135,580,0
429,4,Mismagius,ghost,60,60,60,105,105,105,495,0
430,4,Honchkrow,dark,100,125,52,105,52,71,505,0
431,4,Glameow,normal,49,55,42,42,37,85,310,0
432,4,Purugly,normal,71,82,64,64,59,112,452,0
433,4,Chingling,psychic,45,30,50,65,50,45,285,0
434,4,Stunky,poison,63,63,47,41,41,74,329,0
435,4,Skuntank,poison,103,93,67,71,61,84,479,0
436,4,Bronzor,steel,57,24,86,24,86,23,300,0
437,4,Bronzong,steel,67,89,116,79,116,33,500,0
438,4,Bonsly,rock,50,80,95,10,45,10,290,0
439,4,Mime Jr.,psychic,20,25,45,70,90,60,310,0
440,4,Happiny,normal,100,5,5,15,65,30,220,0
441,4,Chatot,normal,76,65,45,92,42,91,411,0
442,4,Spiritomb,ghost,50,92,108,92,108,35,485,0
443,4,Gible,dragon,58,70,45,40,45,42,300,0
444,4,Gabite,dragon,68,90,65,50,55,82,410,0
445,4,Garchomp,dragon,108,170,115,120,95,92,700,0
446,4,Munchlax,normal,135,85,40,40,85,5,390,0
447,4,Riolu,fighting,40,70,40,35,40,60,285,0
448,4,Lucario,fighting,70,145,88,140,70,112,625,0
449,4,Hippopotas,ground,68,72,78,38,42,32,330,0
450,4,Hippowdon,ground,108,112,118,68,72,47,525,0
451,4,Skorupi,poison,40,50,90,30,55,65,330,0
452,4,Drapion,poison,70,90,110,60,75,95,500,0
453,4,Croagunk,poison,48,61,40,61,40,50,300,0
454,4,Toxicroak,poison,83,106,65,86,65,85,490,0
455,4,Carnivine,grass,74,100,72,90,72,46,454,0
456,4,Finneon,water,49,49,56,49,61,66,330,0
457,4,Lumineon,water,69,69,76,69,86,91,460,0
458,4,Mantyke,water,45,20,50,60,120,50,345,0
459,4,Snover,grass,60,62,50,62,60,40,334,0
460,4,Abomasnow,grass,90,132,105,132,105,30,594,0
461,4,Weavile,dark,70,120,65,45,85,125,510,0
462,4,Magnezone,electric,70,70,115,130,90,60,535,0
463,4,Lickilicky,normal,110,85,95,80,95,50,515,0
464,4,Rhyperior,ground,115,140,130,55,55,40,535,0
465,4,Tangrowth,grass,100,100,125,110,50,50,535,0
466,4,Electivire,electric,75,123,67,95,85,95,540,0
467,4,Magmortar,fire,75,95,67,125,95,83,540,0
468,4,Togekiss,fairy,85,50,95,120,115,80,545,0
469,4,Yanmega,bug,86,76,86,116,56,95,515,0
470,4,Leafeon,grass,65,110,130,60,65,95,525,0
471,4,Glaceon,ice,65,60,110,130,95,65,525,0
472,4,Gliscor,ground,75,95,125,45,75,95,510,0
473,4,Mamoswine,ice,110,130,80,70,60,80,530,0
474,4,Porygon-Z,normal,85,80,70,135,75,90,535,0
475,4,Gallade,psychic,68,165,95,65,115,110,618,0
476,4,Probopass,rock,60,55,145,75,150,40,525,0
477,4,Dusknoir,ghost,45,100,135,65,135,45,525,0
478,4,Froslass,ice,70,80,70,80,70,110,480,0
479,4,Rotom,electric,50,65,107,105,107,86,520,0
480,4,Uxie,psychic,75,75,130,75,130,95,580,1
481,4,Mesprit,psychic,80,105,105,105,105,80,580,1
482,4,Azelf,psychic,75,125,70,125,70,115,580,1
483,4,Dialga,steel,100,120,120,150,100,90,680,1
484,4,Palkia,water,90,120,100,150,120,100,680,1
485,4,Heatran,fire,91,90,106,130,106,77,600,1
486,4,Regigigas,normal,110,160,110,80,110,100,670,1
487,4,Giratina,ghost,150,120,100,120,100,90,680,1
488,4,Cresselia,psychic,120,70,120,75,130,85,600,1
489,4,Phione,water,80,80,80,80,80,80,480,0
490,4,Manaphy,water,100,100,100,100,100,100,600,1
491,4,Darkrai,dark,70,90,90,135,90,125,600,1
492,4,Shaymin,grass,100,103,75,120,75,127,600,1
493,4,Arceus,normal,120,120,120,120,120,120,720,1
494,5,Victini,psychic,100,100,100,100,100,100,600,1
495,5,Snivy,grass,45,45,55,45,55,63,308,0
496,5,Servine,grass,60,60,75,60,75,83,413,0
497,5,Serperior,grass,75,75,95,75,95,113,528,0
498,5,Tepig,fire,65,63,45,45,45,45,308,0
499,5,Pignite,fire,90,93,55,70,55,55,418,0
500,5,Emboar,fire,110,123,65,100,65,65,528,0
501,5,Oshawott,water,55,55,45,63,45,45,308,0
502,5,Dewott,water,75,75,60,83,60,60,413,0
503,5,Samurott,water,95,100,85,108,70,70,528,0
504,5,Patrat,normal,45,55,39,35,39,42,255,0
505,5,Watchog,normal,60,85,69,60,69,77,420,0
506,5,Lillipup,normal,45,60,45,25,45,55,275,0
507,5,Herdier,normal,65,80,65,35,65,60,370,0
508,5,Stoutland,normal,85,110,90,45,90,80,500,0
509,5,Purrloin,dark,41,50,37,50,37,66,281,0
510,5,Liepard,dark,64,88,50,88,50,106,446,0
511,5,Pansage,grass,50,53,48,53,48,64,316,0
512,5,Simisage,grass,75,98,63,98,63,101,498,0
513,5,Pansear,fire,50,53,48,53,48,64,316,0
514,5,Simisear,fire,75,98,63,98,63,101,498,0
515,5,Panpour,water,50,53,48,53,48,64,316,0
516,5,Simipour,water,75,98,63,98,63,101,498,0
517,5,Munna,psychic,76,25,45,67,55,24,292,0
518,5,Musharna,psychic,116,55,85,107,95,29,487,0
519,5,Pidove,normal,50,55,50,36,30,43,264,0
520,5,Tranquill,normal,62,77,62,50,42,65,358,0
521,5,Unfezant,normal,80,115,80,65,55,93,488,0
522,5,Blitzle,electric,45,60,32,50,32,76,295,0
523,5,Zebstrika,electric,75,100,63,80,63,116,497,0
524,5,Roggenrola,rock,55,75,85,25,25,15,280,0
525,5,Boldore,rock,70,105,105,50,40,20,390,0
526,5,Gigalith,rock,85,135,130,60,80,25,515,0
527,5,Woobat,psychic,65,45,43,55,43,72,323,0
528,5,Swoobat,psychic,67,57,55,77,55,114,425,0
529,5,Drilbur,ground,60,85,40,30,45,68,328,0
530,5,Excadrill,ground,110,135,60,50,65,88,508,0
531,5,Audino,normal,103,60,126,80,126,50,545,0
532,5,Timburr,fighting,75,80,55,25,35,35,305,0
533,5,Gurdurr,fighting,85,105,85,40,50,40,405,0
534,5,Conkeldurr,fighting,105,140,95,55,65,45,505,0
535,5,Tympole,water,50,50,40,50,40,64,294,0
536,5,Palpitoad,water,75,65,55,65,55,69,384,0
537,5,Seismitoad,water,105,95,75,85,75,74,509,0
538,5,Throh,fighting,120,100,85,30,85,45,465,0
539,5,Sawk,fighting,75,125,75,30,75,85,465,0
540,5,Sewaddle,bug,45,53,70,40,60,42,310,0
541,5,Swadloon,bug,55,63,90,50,80,42,380,0
542,5,Leavanny,bug,75,103,80,70,80,92,500,0
543,5,Venipede,bug,30,45,59,30,39,57,260,0
544,5,Whirlipede,bug,40,55,99,40,79,47,360,0
545,5,Scolipede,bug,60,100,89,55,69,112,485,0
546,5,Cottonee,grass,40,27,60,37,50,66,280,0
547,5,Whimsicott,grass,60,67,85,77,75,116,480,0
548,5,Petilil,grass,45,35,50,70,50,30,280,0
549,5,Lilligant,grass,70,60,75,110,75,90,480,0
550,5,Basculin,water,70,92,65,80,55,98,460,0
551,5,Sandile,ground,50,72,35,35,35,65,292,0
552,5,Krokorok,ground,60,82,45,45,45,74,351,0
553,5,Krookodile,ground,95,117,80,65,70,92,519,0
554,5,Darumaka,fire,70,90,45,15,45,50,315,0
555,5,Darmanitan,fire,105,30,105,140,105,55,540,0
556,5,Maractus,grass,75,86,67,106,67,60,461,0
557,5,Dwebble,bug,50,65,85,35,35,55,325,0
558,5,Crustle,bug,70,105,125,65,75,45,485,0
559,5,Scraggy,dark,50,75,70,35,70,48,348,0
560,5,Scrafty,dark,65,90,115,45,115,58,488,0
561,5,Sigilyph,psychic,72,58,80,103,80,97,490,0
562,5,Yamask,ghost,38,30,85,55,65,30,303,0
563,5,Cofagrigus,ghost,58,50,145,95,105,30,483,0
564,5,Tirtouga,water,54,78,103,53,45,22,355,0
565,5,Carracosta,water,74,108,133,83,65,32,495,0
566,5,Archen,rock,55,112,45,74,45,70,401,0
567,5,Archeops,rock,75,140,65,112,65,110,567,0
568,5,Trubbish,poison,50,50,62,40,62,65,329,0
569,5,Garbodor,poison,80,95,82,60,82,75,474,0
570,5,Zorua,dark,40,65,40,80,40,65,330,0
571,5,Zoroark,dark,60,105,60,120,60,105,510,0
572,5,Minccino,normal,55,50,40,40,40,75,300,0
573,5,Cinccino,normal,75,95,60,65,60,115,470,0
574,5,Gothita,psychic,45,30,50,55,65,45,290,0
575,5,Gothorita,psychic,60,45,70,75,85,55,390,0
576,5,Gothitelle,psychic,70,55,95,95,110,65,490,0
577,5,Solosis,psychic,45,30,40,105,50,20,290,0
578,5,Duosion,psychic,65,40,50,125,60,30,370,0
579,5,Reuniclus,psychic,110,65,75,125,85,30,490,0
580,5,Ducklett,water,62,44,50,44,50,55,305,0
581,5,Swanna,water,75,87,63,87,63,98,473,0
582,5,Vanillite,ice,36,50,50,65,60,44,305,0
583,5,Vanillish,ice,51,65,65,80,75,59,395,0
584,5,Vanilluxe,ice,71,95,85,110,95,79,535,0
585,5,Deerling,normal,60,60,50,40,50,75,335,0
586,5,Sawsbuck,normal,80,100,70,60,70,95,475,0
587,5,Emolga,electric,55,75,60,75,60,103,428,0
588,5,Karrablast,bug,50,75,45,40,45,60,315,0
589,5,Escavalier,bug,70,135,105,60,105,20,495,0
590,5,Foongus,grass,69,55,45,55,55,15,294,0
591,5,Amoonguss,grass,114,85,70,85,80,30,464,0
592,5,Frillish,water,55,40,50,65,85,40,335,0
593,5,Jellicent,water,100,60,70,85,105,60,480,0
594,5,Alomomola,water,165,75,80,40,45,65,470,0
595,5,Joltik,bug,50,47,50,57,50,65,319,0
596,5,Galvantula,bug,70,77,60,97,60,108,472,0
597,5,Ferroseed,grass,44,50,91,24,86,10,305,0
598,5,Ferrothorn,grass,74,94,131,54,116,20,489,0
599,5,Klink,steel,40,55,70,45,60,30,300,0
600,5,Klang,steel,60,80,95,70,85,50,440,0
601,5,Klinklang,steel,60,100,115,70,85,90,520,0
602,5,Tynamo,electric,35,55,40,45,40,60,275,0
603,5,Eelektrik,electric,65,85,70,75,70,40,405,0
604,5,Eelektross,electric,85,115,80,105,80,50,515,0
605,5,Elgyem,psychic,55,55,55,85,55,30,335,0
606,5,Beheeyem,psychic,75,75,75,125,95,40,485,0
607,5,Litwick,ghost,50,30,55,65,55,20,275,0
608,5,Lampent,ghost,60,40,60,95,60,55,370,0
609,5,Chandelure,ghost,60,55,90,145,90,80,520,0
610,5,Axew,dragon,46,87,60,30,40,57,320,0
611,5,Fraxure,dragon,66,117,70,40,50,67,410,0
612,5,Haxorus,dragon,76,147,90,60,70,97,540,0
613,5,Cubchoo,ice,55,70,40,60,40,40,305,0
614,5,Beartic,ice,95,130,80,70,80,50,505,0
615,5,Cryogonal,ice,80,50,50,95,135,105,515,0
616,5,Shelmet,bug,50,40,85,40,65,25,305,0
617,5,Accelgor,bug,80,70,40,100,60,145,495,0
618,5,Stunfisk,ground,109,66,84,81,99,32,471,0
619,5,Mienfoo,fighting,45,85,50,55,50,65,350,0
620,5,Mienshao,fighting,65,125,60,95,60,105,510,0
621,5,Druddigon,dragon,77,120,90,60,90,48,485,0
622,5,Golett,ground,59,74,50,35,50,35,303,0
623,5,Golurk,ground,89,124,80,55,80,55,483,0
624,5,Pawniard,dark,45,85,70,40,40,60,340,0
625,5,Bisharp,dark,65,125,100,60,70,70,490,0
626,5,Bouffalant,normal,95,110,95,40,95,55,490,0
627,5,Rufflet,normal,70,83,50,37,50,60,350,0
628,5,Braviary,normal,100,123,75,57,75,80,510,0
629,5,Vullaby,dark,70,55,75,45,65,60,370,0
630,5,Mandibuzz,dark,110,65,105,55,95,80,510,0
631,5,Heatmor,fire,85,97,66,105,66,65,484,0
632,5,Durant,bug,58,109,112,48,48,109,484,0
633,5,Deino,dark,52,65,50,45,50,38,300,0
634,5,Zweilous,dark,72,85,70,65,70,58,420,0
635,5,Hydreigon,dark,92,105,90,125,90,98,600,0
636,5,Larvesta,bug,55,85,55,50,55,60,360,0
637,5,Volcarona,bug,85,60,65,135,105,100,550,0
638,5,Cobalion,steel,91,90,129,90,72,108,580,1
639,5,Terrakion,rock,91,129,90,72,90,108,580,1
640,5,Virizion,grass,91,90,72,90,129,108,580,1
641,5,Tornadus,flying,79,100,80,110,90,121,580,1
642,5,Thundurus,electric,79,105,70,145,80,101,580,1
643,5,Reshiram,dragon,100,120,100,150,120,90,680,1
644,5,Zekrom,dragon,100,150,120,120,100,90,680,1
645,5,Landorus,ground,89,145,90,105,80,91,600,1
646,5,Kyurem,dragon,125,120,90,170,100,95,700,1
647,5,Keldeo,water,91,72,90,129,90,108,580,1
648,5,Meloetta,normal,100,128,90,77,77,128,600,1
649,5,Genesect,bug,71,120,95,120,95,99,600,1
650,6,Chespin,grass,56,61,65,48,45,38,313,0
651,6,Quilladin,grass,61,78,95,56,58,57,405,0
652,6,Chesnaught,grass,88,107,122,74,75,64,530,0
653,6,Fennekin,fire,40,45,40,62,60,60,307,0
654,6,Braixen,fire,59,59,58,90,70,73,409,0
655,6,Delphox,fire,75,69,72,114,100,104,534,0
656,6,Froakie,water,41,56,40,62,44,71,314,0
657,6,Frogadier,water,54,63,52,83,56,97,405,0
658,6,Greninja,water,72,145,67,153,71,132,640,0
659,6,Bunnelby,normal,38,36,38,32,36,57,237,0
660,6,Diggersby,normal,85,56,77,50,77,78,423,0
661,6,Fletchling,normal,45,50,43,40,38,62,278,0
662,6,Fletchinder,fire,62,73,55,56,52,84,382,0
663,6,Talonflame,fire,78,81,71,74,69,126,499,0
664,6,Scatterbug,bug,38,35,40,27,25,35,200,0
665,6,Spewpa,bug,45,22,60,27,30,29,213,0
666,6,Vivillon,bug,80,52,50,90,50,89,411,0
667,6,Litleo,fire,62,50,58,73,54,72,369,0
668,6,Pyroar,fire,86,68,72,109,66,106,507,0
669,6,Flabébé,fairy,44,38,39,61,79,42,303,0
670,6,Floette,fairy,74,65,67,125,128,92,551,0
671,6,Florges,fairy,78,65,68,112,154,75,552,0
672,6,Skiddo,grass,66,65,48,62,57,52,350,0
673,6,Gogoat,grass,123,100,62,97,81,68,531,0
674,6,Pancham,fighting,67,82,62,46,48,43,348,0
675,6,Pangoro,fighting,95,124,78,69,71,58,495,0
676,6,Furfrou,normal,75,80,60,65,90,102,472,0
677,6,Espurr,psychic,62,48,54,63,60,68,355,0
678,6,Meowstic,psychic,74,48,76,83,81,104,466,0
679,6,Honedge,steel,45,80,100,35,37,28,325,0
680,6,Doublade,steel,59,110,150,45,49,35,448,0
681,6,Aegislash,steel,60,150,50,150,50,60,520,0
682,6,Spritzee,fairy,78,52,60,63,65,23,341,0
683,6,Aromatisse,fairy,101,72,72,99,89,29,462,0
684,6,Swirlix,fairy,62,48,66,59,57,49,341,0
685,6,Slurpuff,fairy,82,80,86,85,75,72,480,0
686,6,Inkay,dark,53,54,53,37,46,45,288,0
687,6,Malamar,dark,86,92,88,68,75,73,482,0
688,6,Binacle,rock,42,52,67,39,56,50,306,0
689,6,Barbaracle,rock,72,105,115,54,86,68,500,0
690,6,Skrelp,poison,50,60,60,60,60,30,320,0
691,6,Dragalge,poison,65,75,90,97,123,44,494,0
692,6,Clauncher,water,50,53,62,58,63,44,330,0
693,6,Clawitzer,water,71,73,88,120,89,59,500,0
694,6,Helioptile,electric,44,38,33,61,43,70,289,0
695,6,Heliolisk,electric,62,55,52,109,94,109,481,0
696,6,Tyrunt,rock,58,89,77,45,45,48,362,0
697,6,Tyrantrum,rock,82,121,119,69,59,71,521,0
698,6,Amaura,rock,77,59,50,67,63,46,362,0
699,6,Aurorus,rock,123,77,72,99,92,58,521,0
700,6,Sylveon,fairy,95,65,65,110,130,60,525,0
701,6,Hawlucha,fighting,78,92,75,74,63,118,500,0
702,6,Dedenne,electric,67,58,57,81,67,101,431,0
703,6,Carbink,rock,50,50,150,50,150,50,500,0
704,6,Goomy,dragon,45,50,35,55,75,40,300,0
705,6,Sliggoo,dragon,68,75,53,83,113,60,452,0
706,6,Goodra,dragon,90,100,70,110,150,80,600,0
707,6,Klefki,steel,57,80,91,80,87,75,470,0
708,6,Phantump,ghost,43,70,48,50,60,38,309,0
709,6,Trevenant,ghost,85,110,76,65,82,56,474,0
710,6,Pumpkaboo,ghost,59,66,70,44,55,41,335,0
711,6,Gourgeist,ghost,85,100,122,58,75,54,494,0
712,6,Bergmite,ice,55,69,85,32,35,28,304,0
713,6,Avalugg,ice,95,117,184,44,46,28,514,0
714,6,Noibat,flying,40,30,35,45,40,55,245,0
715,6,Noivern,flying,85,70,80,97,80,123,535,0
716,6,Xerneas,fairy,126,131,95,131,98,99,680,1
717,6,Yveltal,dark,126,131,95,131,98,99,680,1
718,6,Zygarde,dragon,216,100,121,91,95,85,708,1
719,6,Diancie,rock,50,160,110,160,110,110,700,1
720,6,Hoopa,psychic,80,160,60,170,130,80,680,1
721,6,Volcanion,fire,80,110,120,130,90,70,600,1
722,7,Rowlet,grass,68,55,55,50,50,42,320,0
723,7,Dartrix,grass,78,75,75,70,70,52,420,0
724,7,Decidueye,grass,78,107,75,100,100,70,530,0
725,7,Litten,fire,45,65,40,60,40,70,320,0
726,7,Torracat,fire,65,85,50,80,50,90,420,0
727,7,Incineroar,fire,95,115,90,80,90,60,530,0
728,7,Popplio,water,50,54,54,66,56,40,320,0
729,7,Brionne,water,60,69,69,91,81,50,420,0
730,7,Primarina,water,80,74,74,126,116,60,530,0
731,7,Pikipek,normal,35,75,30,30,30,65,265,0
732,7,Trumbeak,normal,55,85,50,40,50,75,355,0
733,7,Toucannon,normal,80,120,75,75,75,60,485,0
734,7,Yungoos,normal,48,70,30,30,30,45,253,0
735,7,Gumshoos,normal,88,110,60,55,60,45,418,0
736,7,Grubbin,bug,47,62,45,55,45,46,300,0
737,7,Charjabug,bug,57,82,95,55,75,36,400,0
738,7,Vikavolt,bug,77,70,90,145,75,43,500,0
739,7,Crabrawler,fighting,47,82,57,42,47,63,338,0
740,7,Crabominable,fighting,97,132,77,62,67,43,478,0
741,7,Oricorio,fire,75,70,70,98,70,93,476,0
742,7,Cutiefly,bug,40,45,40,55,40,84,304,0
743,7,Ribombee,bug,60,55,60,95,70,124,464,0
744,7,Rockruff,rock,45,65,40,30,40,60,280,0
745,7,Lycanroc,rock,85,115,75,55,75,82,487,0
746,7,Wishiwashi,water,45,140,130,140,135,30,620,0
747,7,Mareanie,poison,50,53,62,43,52,45,305,0
748,7,Toxapex,poison,50,63,152,53,142,35,495,0
749,7,Mudbray,ground,70,100,70,45,55,45,385,0
750,7,Mudsdale,ground,100,125,100,55,85,35,500,0
751,7,Dewpider,water,38,40,52,40,72,27,269,0
752,7,Araquanid,water,68,70,92,50,132,42,454,0
753,7,Fomantis,grass,40,55,35,50,35,35,250,0
754,7,Lurantis,grass,70,105,90,80,90,45,480,0
755,7,Morelull,grass,40,35,55,65,75,15,285,0
756,7,Shiinotic,grass,60,45,80,90,100,30,405,0
757,7,Salandit,poison,48,44,40,71,40,77,320,0
758,7,Salazzle,poison,68,64,60,111,60,117,480,0
759,7,Stufful,normal,70,75,50,45,50,50,340,0
760,7,Bewear,normal,120,125,80,55,60,60,500,0
761,7,Bounsweet,grass,42,30,38,30,38,32,210,0
762,7,Steenee,grass,52,40,48,40,48,62,290,0
763,7,Tsareena,grass,72,120,98,50,98,72,510,0
764,7,Comfey,fairy,51,52,90,82,110,100,485,0
765,7,Oranguru,normal,90,60,80,90,110,60,490,0
766,7,Passimian,fighting,100,120,90,40,60,80,490,0
767,7,Wimpod,bug,25,35,40,20,30,80,230,0
768,7,Golisopod,bug,75,125,140,60,90,40,530,0
769,7,Sandygast,ghost,55,55,80,70,45,15,320,0
770,7,Palossand,ghost,85,75,110,100,75,35,480,0
771,7,Pyukumuku,water,55,60,130,30,130,5,410,0
772,7,Type: Null,normal,95,95,95,95,95,59,534,0
773,7,Silvally,normal,95,95,95,95,95,95,570,0
774,7,Minior,rock,60,100,60,100,60,120,500,0
775,7,Komala,normal,65,115,65,75,95,65,480,0
776,7,Turtonator,fire,60,78,135,91,85,36,485,0
777,7,Togedemaru,electric,65,98,63,40,73,96,435,0
778,7,Mimikyu,ghost,55,90,80,50,105,96,476,0
779,7,Bruxish,water,68,105,70,70,70,92,475,0
780,7,Drampa,normal,78,60,85,135,91,36,485,0
781,7,Dhelmise,ghost,70,131,100,86,90,40,517,0
782,7,Jangmo-o,dragon,45,55,65,45,45,45,300,0
783,7,Hakamo-o,dragon,55,75,90,65,70,65,420,0
784,7,Kommo-o,dragon,75,110,125,100,105,85,600,0
785,7,Tapu Koko,electric,70,115,85,95,75,130,570,1
786,7,Tapu Lele,psychic,70,85,75,130,115,95,570,1
787,7,Tapu Bulu,grass,70,130,115,85,95,75,570,1
788,7,Tapu Fini,water,70,75,115,95,130,85,570,1
789,7,Cosmog,psychic,43,29,31,29,31,37,200,1
790,7,Cosmoem,psychic,43,29,131,29,131,37,400,1
791,7,Solgaleo,psychic,137,137,107,113,89,97,680,1
792,7,Lunala,psychic,137,113,89,137,107,97,680,1
793,7,Nihilego,rock,109,53,47,127,131,103,570,1
794,7,Buzzwole,bug,107,139,139,53,53,79,570,1
795,7,Pheromosa,bug,71,137,37,137,37,151,570,1
796,7,Xurkitree,electric,83,89,71,173,71,83,570,1
797,7,Celesteela,steel,97,101,103,107,101,61,570,1
798,7,Kartana,grass,59,181,131,59,31,109,570,1
799,7,Guzzlord,dark,223,101,53,97,53,43,570,1
800,7,Necrozma,psychic,97,107,101,127,89,79,600,1
801,7,Magearna,steel,80,95,115,130,115,65,600,1
